,0295,99N75 425,5TlV,,,,,
,04782,a aa,a,,,,,
,0312,A8DCo 4Ys,010Z,,,,,
,0560,abc def,xyz,,,,,
,0509,AddFirst_1787204158228_ns30w Mid,AddLast_1787204158228_ns30w,,,,,
,0511,AddFirst_1787204166795_sf7er Mid,AddLast_1787204166795_sf7er,,,,,
,100,ah sh,dj,,,,,
,167781,Allan Hugh,Casper,,,,,
,01715,Amelia,Brown,,,,,
,572381,Andrea Kai,Oberbrunner,,,,,
,0503,ani,g,,,,,
,0360,aniket t,t,,,,,
,699,aniket Ashok,patil,,,,,
,696,aniket Ashok,patil,,,,,
,837245,Anita,Patil,,,,,
,441166,Anita,Patil,,,,,
,131670,Annamae Matilda,Harber,,,,,
,454339,Annie Royal,Torp,,,,,
,0367,Ash J,Tyson,,,,,
,033209316,Attendance1787203317975 Test,User,,,,,
